date_added,title,company,location,requirements,salary,contract_type,working_hours,link,source
9/30/2025 12:46,Senior Machine Learning Engineer (یزد),,یزد، یزد,"About the Role We are seeking a talented Senior Machine Learning Engineer to lead the development and deployment of advanced NLP, information retrieval, and AI agent solutions. You will architect production-ready ML systems using the latest technologies, with a focus on large language models (LLMs), vector databases, and agent frameworks. Key Responsibilities • Design, develop, and deploy end-to-end ML solutions, with a focus on NLP, information retrieval, and LLM-driven applications. • Build and optimize production-grade systems leveraging vector databases, LLMs, and frameworks like LangChain and pydantic. • Develop and maintain APIs and backend services using FastAPI. • Collaborate cross-functionally to translate business needs into robust, scalable technical solutions. • Ensure code quality and delivery pipelines using CI/CD (GitHub Actions) and containerization (Docker). • Research and evaluate new technologies, frameworks, and architectures for continuous innovation. • Operate in a cloud-first environment (AWS or Azure) for scalable and reliable deployments. • Mentor junior engineers and share knowledge with the wider team. Required Skills & Experience • NLP & Information Retrieval: Deep experience with natural language processing, semantic search, and vector databases. • LLMs & AI Agents: Hands-on expertise with large language models, generative AI, and agent frameworks (e.g., LangChain, OpenAI/Claude APIs, pydantic). • Production Systems: Proven ability to build, deploy, and maintain production-ready ML systems. • Cloud Platforms: Strong experience with AWS or Azure is a must. • APIs & Infrastructure: Proficient in FastAPI, Docker, CI/CD (especially GitHub Actions). • Software Engineering: Strong background in software engineering best practices, code reviews, and version control. • Research Mindset: Ability to stay updated with state-of-the-art ML research and translate theory into practice. • Communication: Proficient in English, with strong written and verbal communication skills. • Mindset: Proactive, solutions-oriented, and thrives in a collaborative, fast-paced environment. Nice to Have • Experience with additional ML frameworks or deployment tools. • Contributions to open-source projects in the ML/AI space. • Familiarity with MLOps practices and monitoring/observability of ML systems. A very important additional footnote : In-person job position in Yazd",توافقی,تمام‌وقت,استاندارد,https://jobinja.ir/companies/finitx/jobs/tJFM/%D8%A7%D8%B3%D8%AA%D8%AE%D8%AF%D8%A7%D9%85-senior-machine-learning-engineer-%DB%8C%D8%B2%D8%AF-%D8%AF%D8%B1-%D8%AF%D8%B1%D8%A7%DB%8C%D8%AA-%D9%BE%D9%88%DB%8C%D8%A7%D9%86-%D9%86%D8%B3%D9%84-%D8%A2%D9%81%D8%AA%D8%A7%D8%A8-%D8%AF%D9%BE%D9%86%D8%A7?_ref=16&_t=3138382e3131382e37342e313135,Jobinja
9/30/2025 12:46,کارشناس هوش مصنوعی (یادگیری ماشین),,تهران، تهران,مهارت های تخصصی 1.       زبان برنامه‌نویسی پایتون: تسلط کامل بر Python آشنایی با نسخه‌های مختلف Python و تفاوت‌های آن‌ها آشنایی با Package Management (مثل Poetry/Conda) آشنایی با سیستم عامل Linux آشنایی با Rest API / Micro Services 2.       کتابخانه‌ها و فریم‌ورک‌های یادگیری ماشین و هوش مصنوعی : تجربه کار با مدل های Hugging Face آشنایی با الگوریتم کلاس بندی ) Classifications Algorithms ( آشنایی با الگوریتم های خوشه بندی ( Clustering Algorithms ) آشنایی با الگوریتم های پردازش زبان طبیعی ) NLP Algorithms ( آشنایی با چت بات ها ( Chat Bots ) 3.       مدل‌سازی و آموزش مدل‌ها طراحی و پیاده‌سازی مدل‌های یادگیری ماشین آموزش مدل‌ها با استفاده از داده‌های واقعی ارزیابی و بهینه‌سازی مدل‌ها تنظیم هایپرپارامترها Hyperparameter Tuning 4.       پیش‌پردازش داده‌ها و کار با دیتاست‌ها: پاک‌سازی و آماده‌سازی داده‌ها ویژگی‌سازی Feature Engineering استفاده از ابزارهایی مانند Pandas و NumPy برای کار با داده‌ها مدیریت و پردازش داده‌های بزرگ با استفاده از Dask یا Apache Spark 5.       مدیریت و استفاده از دیتابیس‌ها: کار با پایگاه‌های داده SQL و NoSQL توانایی استفاده از ابزارهایی مانند SQLite، PostgreSQL، MongoDB ( مزیت ) 6.       آزمون و ارزیابی مدل‌ها: استفاده از متریک‌های ارزیابی مانند صحت Accuracy  ، بازیایی  ( Recall )، دقت پیش‌بینی  ( Precision )، و امتیاز F1 استفاده از تکنیک‌های اعتبارسنجی متقابل ( Cross-Validation ) آشنایی با مانیتورینگ و داشبورد ارزیابی مدل های هوش مصنوعی 7.       مدیریت مدل‌ها و سیستم‌های تولید: پیاده‌سازی مدل‌ها در محیط‌های تولید آشنایی با سیستم‌های مدیریت مدل مانند MLflow 8.       آشنایی با مفاهیم پیشرفته: یادگیری عمیق ( Deep Learning )  ( مزیت ) شبکه‌های عصبی کانولوشن ( CNNs ) ( مزیت ) شبکه‌های عصبی بازگشتی ( RNNs ) ( مزیت ) یادگیری تقویتی ( Reinforcement Learning ) ( مزیت ) کوانتیزه کردن مدلها ( Quantization ) AI Agent RAG (Retrieval Augmented Generation) 9.       ابزارهای توسعه و تست: Git برای کنترل نسخه Jupyter Notebook و JupyterLab برای تحلیل داده‌ها و توسعه مدل‌ها استفاده از ابزارهای تست مانند PyTest 10.   تسلط بر استفاده از انواع API های مدل های LLM 11.   مهارت‌های نرم‌ و ارتباطی: توانایی کار در تیم‌های چند تخصصی ارتباط مؤثر با تیم‌های داده، تحقیق و مدیریت محصول مهارت‌های ارائه و دفاع از مدل‌ها مسئولیت پذیر و نتیجه محور ابزارها و سرویس‌های مورد نیاز: 1.       کتابخانه‌ها و فریم‌ورک‌ها: Scikit-learn XGBoost LightGBM word2vec tfidf embeddings TensorFlow (مزیت) Keras (مزیت) PyTorch (مزیت) 2.       ابزارهای پیش‌پردازش داده‌ها: Pandas NumPy Dask Apache Spark 3.       پایگاه‌های داده: MS SQL Server No SQL 4.       ابزارهای تست و ارزیابی: PyTest Jupyter Notebook JupyterLab 5.       ابزارهای مدیریت مدل‌ها: ·         MLflow 6.       ابزارهای توسعه و Deploy : Docker Kubernetes ساعت کاری و مزایا: از شنبه تا چهارشنبه از ساعت 8:00 تا 17:15 پنجشنبه ها تعطیل پرداخت منظم حقوق بیمه درمان تکمیلی صبحانه کمک هزینه نهار بسته ها و هدایای مناسبتی صندوق وام پاداش عملکرد,توافقی,تمام‌وقت,استاندارد,https://jobinja.ir/companies/ican/jobs/tFPU/%D8%A7%D8%B3%D8%AA%D8%AE%D8%AF%D8%A7%D9%85-%DA%A9%D8%A7%D8%B1%D8%B4%D9%86%D8%A7%D8%B3-%D9%87%D9%88%D8%B4-%D9%85%D8%B5%D9%86%D9%88%D8%B9%DB%8C-%DB%8C%D8%A7%D8%AF%DA%AF%DB%8C%D8%B1%DB%8C-%D9%85%D8%A7%D8%B4%DB%8C%D9%86-%D8%AF%D8%B1-%DA%AF%D8%B1%D9%88%D9%87-%D9%85%D9%87%D9%86%D8%AF%D8%B3%DB%8C-%D8%A2%DB%8C-%DA%A9%D9%86?_ref=16&_t=3138382e3131382e37342e313135,Jobinja
9/30/2025 12:46,متخصص هوش مصنوعی و یادگیری ماشین (AI/ML Engineer),,تهران، تهران,"ما به دنبال یک متخصص هوش مصنوعی با تجربه هستیم که بتواند یک سیستم پیش‌بینی‌کننده ساده و کاربردی طراحی کند. شما مسئول توسعه مدل‌های اولیه، پردازش داده‌ها و ارائه پروتوتایپی خواهید بود که برای کاربران غیرفنی قابل استفاده باشد. این پروژه در فاز ابتدایی است و نیاز به خلاقیت و دقت بالا دارد. مسئولیت‌ها: توسعه مدل‌های یادگیری ماشین برای تحلیل داده‌های ساختارمند. آماده‌سازی و پاک‌سازی داده‌ها با رعایت اصول محرمانگی. ایجاد یک رابط کاربری ساده (مثل داشبورد یا اپلیکیشن پایه) برای نمایش نتایج. همکاری با تیم برای بهینه‌سازی و تحویل پروژه در زمان مشخص. ارائه گزارش‌های واضح و ساده از پیشرفت پروژه. مهارت‌ها و شرایط احراز: الزامات ضروری: مدرک لیسانس (یا بالاتر) در علوم کامپیوتر، هوش مصنوعی یا رشته‌های مرتبط. حداقل ۲ سال تجربه عملی در توسعه پروژه‌های یادگیری ماشین با Python. تسلط به کتابخانه‌های ML مانند Scikit-learn, TensorFlow یا PyTorch. تجربه در پردازش داده‌های ناقص یا ساختارمند با ابزارهایی مثل Pandas یا NumPy. توانایی ارائه توضیحات ساده و قابل فهم برای مخاطبان غیرفنی. امتیازات مثبت: تجربه در پروژه‌های حساس با داده‌های واقعی (ترجیحاً در حوزه‌های اجتماعی یا عمومی). آشنایی با اصول محرمانگی داده (مانند GDPR یا استانداردهای مشابه). داشتن نمونه‌کار قابل بررسی در GitHub یا پلتفرم‌های مشابه (لطفاً لینک ارائه دهید). تجربه کار با فریم‌ورک‌های چندایجنتی (مثل AutoGen) یا APIهای هوش مصنوعی. مهارت‌های نرم: حل مسئله قوی و توانایی کار در پروژه‌های استارتاپی. تعهد کامل به محرمانگی پروژه و رعایت اصول حرفه‌ای.",توافقی,تمام‌وقت,استاندارد,https://jobinja.ir/companies/zeus-ai/jobs/tJZK/%D8%A7%D8%B3%D8%AA%D8%AE%D8%AF%D8%A7%D9%85-%D9%85%D8%AA%D8%AE%D8%B5%D8%B5-%D9%87%D9%88%D8%B4-%D9%85%D8%B5%D9%86%D9%88%D8%B9%DB%8C-%D9%88-%DB%8C%D8%A7%D8%AF%DA%AF%DB%8C%D8%B1%DB%8C-%D9%85%D8%A7%D8%B4%DB%8C%D9%86-ai-ml-engineer-%D8%AF%D8%B1-%D9%87%D9%88%D8%B4-%D9%85%D8%B5%D9%86%D9%88%D8%B9%DB%8C-%D8%B2%D8%A6%D9%88%D8%B3?_ref=16&_t=3138382e3131382e37342e313135,Jobinja
9/30/2025 12:46,متخصص هوش مصنوعی,,تهران، تهران,شرکت پژوهش و نوآوری فرتاک ایرانیان فعال در حوزه هوش مصنوعی و اینترنت اشیاء در صنایع فولاد و معادن، برای توسعه پروژه‌های بینایی ماشین و یادگیری ماشین، به دنبال جذب نیروی متخصص با شرایط زیر است: مهارت‌های مورد نیاز: تسلط کامل به زبان Python تجربه عملی در پروژه‌های پردازش تصویر آشنایی با الگوریتم‌های Machine Learning  و Deep Learning توانایی دیپلوی و استقرار مدل‌ها روی محیط‌های production مانند استفاده از Docker، REST API و ابزارهای مرتبط آشنایی با کتابخانه‌هایی مانند PyTorch، TensorFlow، OpenCV مزیت محسوب می‌شود: تجربه یا آشنایی با مدل‌های زبانی بزرگ (LLM) ویژه مشمولین خدمت سربازی: امکان جذب از طریق امریه سربازی وجود دارد.,توافقی,تمام‌وقت,استاندارد,https://jobinja.ir/companies/irainian-fartak-research-and-innovation-co/jobs/tc5L/%D8%A7%D8%B3%D8%AA%D8%AE%D8%AF%D8%A7%D9%85-%D9%85%D8%AA%D8%AE%D8%B5%D8%B5-%D9%87%D9%88%D8%B4-%D9%85%D8%B5%D9%86%D9%88%D8%B9%DB%8C-%D8%AF%D8%B1-%D9%BE%DA%98%D9%88%D9%87%D8%B4-%D9%88-%D9%86%D9%88%D8%A2%D9%88%D8%B1%DB%8C-%D9%81%D8%B1%D8%AA%D8%A7%DA%A9-%D8%A7%DB%8C%D8%B1%D8%A7%D9%86%DB%8C%D8%A7%D9%86?_ref=16&_t=3138382e3131382e37342e313135,Jobinja
9/30/2025 12:46,Learning & Development Expert,,تهران، تهران,"Assess training needs through surveys, interviews with employees, focus groups, and/or consultation with managers, instructors, or customer representatives. Offer specific training programs to help workers maintain or improve job skills. Design and develop creative, high-quality, interactive learning content for remote and classroom training, including lesson plans, facilitator guides, participant materials, videos, and practical exercises. Provide individualized instruction and tutorial, or remedial instruction. Negotiate contracts with clients, including desired training outcomes, fees, and expenses. Monitor, evaluate, and record training activities and program effectiveness. Analyze different types of employees based on their performance and potential and categorize them to distinguish high-potential ones (HiPos). Prepare and propose a succession planning policy based on the organization's strategy. Prepare and maintain IDP result updates to analyze each development nominee’s progress line. Evaluate management development programs to ensure the effectiveness of results. Execute the company’s Learning and Development strategy and manage the development of a robust talent pipeline for key roles at the company through effective high-potential management, leadership development, and succession planning. Design and conduct effective leadership development models. Key Professional Competencies: General culture in all HR areas. Being familiar with learning theories and concepts. Strong project management skills; able to identify needs, develop effective solutions, and manage projects through to completion. Being familiar with leadership models, concepts, and practices. Telecom industry understanding. Communication skills (oral and written). Curiosity. Anticipation and adaptation. Listening and empathy Skills. Creativity and innovation. Influence and persuasion. Relationship building. Analytic thinking. Problem-solving skills.",توافقی,تمام‌وقت,استاندارد,https://jobinja.ir/companies/naghsh-aval-keyfiat/jobs/tzKw/%D8%A7%D8%B3%D8%AA%D8%AE%D8%AF%D8%A7%D9%85-learning-development-expert-%D8%AF%D8%B1-%D9%86%D9%82%D8%B4-%D8%A7%D9%88%D9%84-%DA%A9%DB%8C%D9%81%DB%8C%D8%AA?_ref=16&_t=3138382e3131382e37342e313135,Jobinja
9/30/2025 12:46,متخصص هوش مصنوعی,,تهران، تهران,طراحی و توسعه الگوریتم‌های یادگیری ماشین و برنامه‌ها و سیستم‌های یادگیری عمیق حل مسائل پیچیده با مجموعه داده‌های چندلایه و بهینه‌سازی کتابخانه‌ها و چارچوب‌های یادگیری ماشین موجود اطمینان از تولید توصیه‌های دقیق توسط الگوریتم‌ها به‌روز ماندن با پیشرفت‌ها در صنعت یادگیری ماشین مسئولیت‌ها مطالعه و تبدیل نمونه‌های اولیه علوم داده و به‌کارگیری الگوریتم‌ها و ابزارهای مناسب یادگیری ماشین اجرای تست‌ها و آزمایش‌های یادگیری ماشین و مستندسازی یافته‌ها و نتایج آموزش، بازآموزی و نظارت بر سیستم‌ها و مدل‌های یادگیری ماشین در صورت نیاز گسترش کتابخانه‌ها و چارچوب‌های یادگیری ماشین موجود مهارت‌ها و صلاحیت‌ها مهارت‌های ریاضی و کامپیوتر، با درک عمیق از احتمال، آمار و الگوریتم‌ها دانش عمیق از چارچوب‌های یادگیری ماشین، مانند Keras یا PyTorch آشنایی با ساختارهای داده، مدل‌سازی داده و معماری نرم‌افزار آشنایی با پایتون، جاوا و R مهارت‌های عالی در ارتباط و همکاری ذهن خلاق با اشتیاق به یادگیری مداوم مدرک لیسانس (یا معادل آن) در علوم کامپیوتر، ریاضیات یا رشته‌های مرتبط,توافقی,تمام‌وقت,استاندارد,https://jobinja.ir/companies/aiko/jobs/tzye/%D8%A7%D8%B3%D8%AA%D8%AE%D8%AF%D8%A7%D9%85-%D9%85%D8%AA%D8%AE%D8%B5%D8%B5-%D9%87%D9%88%D8%B4-%D9%85%D8%B5%D9%86%D9%88%D8%B9%DB%8C-%D8%AF%D8%B1-%D8%A2%D8%B1%D9%85%D8%A7%D9%86-%D8%A7%DB%8C%D9%85%D9%86-%DA%A9%D9%88%D9%87%D8%B3%D8%AA%D8%A7%D9%86?_ref=16&_t=3138382e3131382e37342e313135,Jobinja
9/30/2025 12:47,Software Developer,,تهران، تهران,"Job Opening: Developer Location: Tehran-based Team Size: Small, agile, and passionate Type: Full-time About Us We're a tight-knit team working at the intersection of finance and technology. Our mission? Build smart, fast, and reliable trading bots for the crypto markets. We thrive on precision, experimentation, and staying ahead of the curve in a space that never sleeps. What You’ll Do Design, develop, and maintain automated trading systems for crypto assets Integrate with other systems via REST/WebSocket APIs Optimize execution strategies for latency Monitor performance and troubleshoot live systems Collaborate on strategy design and system architecture What We’re Looking For Strong programming skills in Python (or Node.js) Strong problem-solving skills Solid understanding of data structures , multithreading , and networking Comfort with Linux , Docker , and Git Bonus: Experience with machine learning and AI You’ll Fit Right In If You… Love solving complex problems with clean code Enjoy working in a fast-paced, experimental environment Can communicate clearly and collaborate asynchronously Are self-driven and take ownership of your work What We Offer Competitive compensation Direct impact on product and strategy A chance to grow with a team that values creativity and precision",توافقی,تمام‌وقت,استاندارد,https://jobinja.ir/companies/ararat-5/jobs/tJXo/%D8%A7%D8%B3%D8%AA%D8%AE%D8%AF%D8%A7%D9%85-software-developer-%D8%AF%D8%B1-%D8%A7%D9%81%D8%B1%D8%A7-%D8%AA%D8%AC%D8%A7%D8%B1%D8%AA-%D8%A2%D8%AF%D9%86%D9%8A%D8%B3?_ref=16&_t=3138382e3131382e37342e313135,Jobinja
9/30/2025 12:47,کمک انباردار(آقا-اصفهان),,اصفهان، اصفهان,تمام مسایل مربوط به انبار داری. کار با کامپیوتر . ورود و خروج و بارگیری جابجایی قطعات,توافقی,تمام‌وقت,استاندارد,https://jobinja.ir/companies/isfahan-machine/jobs/tFgc/%D8%A7%D8%B3%D8%AA%D8%AE%D8%AF%D8%A7%D9%85-%DA%A9%D9%85%DA%A9-%D8%A7%D9%86%D8%A8%D8%A7%D8%B1%D8%AF%D8%A7%D8%B1-%D8%A2%D9%82%D8%A7-%D8%A7%D8%B5%D9%81%D9%87%D8%A7%D9%86-%D8%AF%D8%B1-%D8%A7%D8%B5%D9%81%D9%87%D8%A7%D9%86-%D9%85%D8%A7%D8%B4%DB%8C%D9%86?_ref=16&_t=3138382e3131382e37342e313135,Jobinja
9/30/2025 12:47,تکنسین فنی برق (تعمیر و نگهداری-آقا),,تهران، تهران,وظایف شرکت هیوا ماشین در راستای تکمیل کادر فنی خود، از واجدین شرایط برای همکاری در سمت تکنسین نگهداری و تعمیرات دعوت بعمل می آورد. شرح وظایف: انجام برنامه های نگهداری پیشگیرانه و دوره ای مطابق با دستورالعمل ها و استانداردهای شرکت انجام عیب یابی و تعمیرات غیر برنامه ای واکنش سریع به خرابی ها و انجام تعمیرات اضطراری برای بازگرداندن دستگاه به حالت عملیاتی در کمترین زمان ممکن ثبت و مستندسازی فعالیت های روزانه به طور دقیق و منظم مهارت ها و توانایی ها: مهارت در خواندن نقشه های فنی و عیب یابی تجهیزات توانایی کار با ابزارهای اندازه گیری و تست تجهیزات آشنایی به اصول نگهداری و تعمیرات ماشین آلات صنعتی دارای سلامت و فیزیک بدنی مناسب آمادگی و توانایی کار در محیط باز آشنایی به سیستم های برودتی مزیت محسوب می شود شایستگی ها: پیگیر و مسئولیت پذیر توانایی انجام کار گروهی منظم و دقیق دارای روابط عمومی قوی توجه داشته باشید: این موقعیت شغلی دارای کار عملی و اجرایی (دست به آچار) می باشد. حقوق پرداختی مطابق با سطح دانش و توانایی فرد تعیین می گردد.,توافقی,تمام‌وقت,استاندارد,https://jobinja.ir/companies/hiva-machine-holding/jobs/t0iJ/%D8%A7%D8%B3%D8%AA%D8%AE%D8%AF%D8%A7%D9%85-%D8%AA%DA%A9%D9%86%D8%B3%DB%8C%D9%86-%D9%81%D9%86%DB%8C-%D8%A8%D8%B1%D9%82-%D8%AA%D8%B9%D9%85%DB%8C%D8%B1-%D9%88-%D9%86%DA%AF%D9%87%D8%AF%D8%A7%D8%B1%DB%8C-%D8%A2%D9%82%D8%A7-%D8%AF%D8%B1-%D9%87%D9%84%D8%AF%DB%8C%D9%86%DA%AF-%D9%87%DB%8C%D9%88%D8%A7-%D9%85%D8%A7%D8%B4%DB%8C%D9%86?_ref=16&_t=3138382e3131382e37342e313135,Jobinja
9/30/2025 12:47,کارشناس فروش و بازاریابی,,تهران، تهران,به یک نیروی کارشناس فروش و بازاریابی نیازمندیم . مسلط به اکسل و وورد. ساعات کاری از شنبه تا چهارشنبه از ساعت 8 صبح لغایت 5 عصر و پنج شنبه های تعطیل میباشد . حقوق پایه به همراه پورسانت - به علاوه وعده صبحانه و ناهار.,توافقی,تمام‌وقت,استاندارد,https://jobinja.ir/companies/spadana-vending-machine-1/jobs/tcJ8/%D8%A7%D8%B3%D8%AA%D8%AE%D8%AF%D8%A7%D9%85-%DA%A9%D8%A7%D8%B1%D8%B4%D9%86%D8%A7%D8%B3-%D9%81%D8%B1%D9%88%D8%B4-%D9%88-%D8%A8%D8%A7%D8%B2%D8%A7%D8%B1%DB%8C%D8%A7%D8%A8%DB%8C-%D8%AF%D8%B1-%D9%85%D9%87%D9%86%D8%AF%D8%B3%DB%8C-%D8%AA%D9%88%D8%B3%D8%B9%D9%87-%D8%A7%D9%86%D8%AF%DB%8C%D8%B4-%D8%A7%D8%B3%D9%BE%D8%A7%D8%AF%D8%A7%D9%86%D8%A7?_ref=16&_t=3138382e3131382e37342e313135,Jobinja
9/30/2025 12:47,کارشناس فروش و بازاریابی,,تهران، تهران,به یک نیروی با تجربه در حوزه ی فروش و بازایابی با انگیزه نیازمندیم ، مسلط برنامه ی microsite office نیازمندیم. شنبه تا چهارشنبه از ساعت 8 صبح لغایت 5 . پنجشنبه ها تعطیل . به همراه ناهار و پورسانت . لوکیشن محل کار غرب تهران ، بلوار کوهک .,توافقی,تمام‌وقت,استاندارد,https://jobinja.ir/companies/spadana-vending-machine-1/jobs/tchT/%D8%A7%D8%B3%D8%AA%D8%AE%D8%AF%D8%A7%D9%85-%DA%A9%D8%A7%D8%B1%D8%B4%D9%86%D8%A7%D8%B3-%D9%81%D8%B1%D9%88%D8%B4-%D9%88-%D8%A8%D8%A7%D8%B2%D8%A7%D8%B1%DB%8C%D8%A7%D8%A8%DB%8C-%D8%AF%D8%B1-%D9%85%D9%87%D9%86%D8%AF%D8%B3%DB%8C-%D8%AA%D9%88%D8%B3%D8%B9%D9%87-%D8%A7%D9%86%D8%AF%DB%8C%D8%B4-%D8%A7%D8%B3%D9%BE%D8%A7%D8%AF%D8%A7%D9%86%D8%A7?_ref=16&_t=3138382e3131382e37342e313135,Jobinja
9/30/2025 12:47,کارشناس خدمات پس از فروش,,تهران، تهران,شرایط استخدام رفتار حرفه ای و سازمانی فن بیان و پاسخگویی عالی ظاهری آراسته و اخلاق حرفه ای آشنا با نرم افزار سروشان و اکسل و کار با کامپیوتر شرایط و ویژگی های فردی مورد نیاز صبور و خوش برخورد- کار تیمی - متعهد به کار - منظم علاقمند به پیشرفت و یادگیری شرایط کاری شرکت شنبه تا چهارشنبه - 8:30 الی 18 . پنج شنبه 8:30 الی 16,توافقی,تمام‌وقت,استاندارد,https://jobinja.ir/companies/nasr-dookht-machine-co/jobs/tSdX/%D8%A7%D8%B3%D8%AA%D8%AE%D8%AF%D8%A7%D9%85-%DA%A9%D8%A7%D8%B1%D8%B4%D9%86%D8%A7%D8%B3-%D8%AE%D8%AF%D9%85%D8%A7%D8%AA-%D9%BE%D8%B3-%D8%A7%D8%B2-%D9%81%D8%B1%D9%88%D8%B4-%D8%AF%D8%B1-%D9%86%D8%B5%D8%B1-%D8%AF%D9%88%D8%AE%D8%AA-%D9%85%D8%A7%D8%B4%DB%8C%D9%86?_ref=16&_t=3138382e3131382e37342e313135,Jobinja
9/30/2025 12:47,کارمند خدمات و تشریفات (آقا),,تهران، تهران,عنوان شغلی: نیروی تشریفات (خدمات و پذیرایی) شرح شغل: پذیرایی از مهمانان سرو ناهار نظافت واحدهای اداری نظافت محوطه شرکت شرایط احراز: آشنایی با امور پذیرایی و تشریفات شرایط کاری: محدوده: شرق تهران_ ابتدای خیابان اتحاد ساعت کاری: شنبه الی چهارشنبه 07:00 الی 17:00- پنجشنبه‌ها یک هفته درمیان 7:00 الی 12:00 مزایا: بیمه‌ی تکمیلی رایگان تا سقف 4 نفر ناهار پاداش پایان سال ارزاق معیشتی هدایا و مراسم‌های مناسبتی,توافقی,تمام‌وقت,استاندارد,https://jobinja.ir/companies/nekoo-behine-mashin-nbm/jobs/tL71/%D8%A7%D8%B3%D8%AA%D8%AE%D8%AF%D8%A7%D9%85-%DA%A9%D8%A7%D8%B1%D9%85%D9%86%D8%AF-%D8%AE%D8%AF%D9%85%D8%A7%D8%AA-%D9%88-%D8%AA%D8%B4%D8%B1%DB%8C%D9%81%D8%A7%D8%AA-%D8%A2%D9%82%D8%A7-%D8%AF%D8%B1-%D9%86%DA%A9%D9%88-%D8%A8%D9%87%DB%8C%D9%86%D9%87-%D9%85%D8%A7%D8%B4%DB%8C%D9%86?_ref=16&_t=3138382e3131382e37342e313135,Jobinja
9/30/2025 12:47,منشی و مسئول دفتر (خانم),,تهران، تهران,با سلام نیازمند منشی با روابط عمومی خوب و با تعهد به کار و توانا در صحبت کردن و هماهنگی لطفا رزومه خود را بفرستید اشنا با سیستم و اکسل نظم در محیط کار ساعت کاری شنبه تا چهارشنبه 8:30 الی 19 پنج شنبه 8:30 الی 16,توافقی,تمام‌وقت,استاندارد,https://jobinja.ir/companies/nasr-dookht-machine-co/jobs/tzdY/%D8%A7%D8%B3%D8%AA%D8%AE%D8%AF%D8%A7%D9%85-%D9%85%D9%86%D8%B4%DB%8C-%D9%88-%D9%85%D8%B3%D8%A6%D9%88%D9%84-%D8%AF%D9%81%D8%AA%D8%B1-%D8%AE%D8%A7%D9%86%D9%85-%D8%AF%D8%B1-%D9%86%D8%B5%D8%B1-%D8%AF%D9%88%D8%AE%D8%AA-%D9%85%D8%A7%D8%B4%DB%8C%D9%86?_ref=16&_t=3138382e3131382e37342e313135,Jobinja
9/30/2025 12:47,مدیر بازاریابی و فروش (آقا),,تهران، تهران,شرح وظایف: تحلیل بازار، رقبا و مشتریان هدف انجام تحقیقات بازار برای شناسایی فرصت‌های جدید برنامه ریزی، تدوین و اجرای استراتژی‌های فروش و طرح‌های بازاریابی ایجاد ارتباط موثر و حرفه‌ای با مشتریان برنامه ریزی و اجرای فعالیت‌های مرتبط در جهت جذب مشتریان جدید قابلیت ارائه ایده‌های تبلیغاتی و پروموشن‌های فروش و برگزاری کمپین‌های فروش و بازاریابی ارتباط موثر و مستمر با تیم فروش تامین کنندگان خارجی هماهنگی و همکاری موثر و مستمر با واحد خدمات پس از فروش جهت ایجاد و استمرار خدمات پشتیبانی محصولات شرکت مستندسازی و ارائه گزارش‌های مدیریتی در حوزه فروش طراحی و اجرای برنامه‌های آموزش و توسعه تیم فروش تفویض موثر وظایف به اعضای تیم فروش با هدف افزایش بهره‌وری و رشد فردی کارکنان و نیز تمرکز بیشتر بر مدیریت شناسایی و پرورش استعدادهای داخلی برای جانشینی سمت‌های کلیدی فروش حضور موثر در نمایشگاه‌های خارجی و داخلی و ماموریت‌های خارج از کشور شرایط احراز: ویژگی‌های رفتاری و شخصیتی توانایی رهبری و مدیریت دارای روابط عمومی بالا و توانایی مذاکره موثر مهارت فنی و تخصصی توان و سابقه ی بالا در مدیریت فروش به صورت حرفه‌ای ترجیحا تحصیلات مهندسی مکانیک / پلیمر زبان انگلیسی خوب یا بالاتر از متوسط مسلط به اصول بازاریابی و بازرگانی خارجی آشنایی با اصول قیمت‌گذاری و مدیریت قراردادهای فروش تسلط به تجزیه و تحلیل داده‌ها و روندهای بازار و رقبا تسلط به تدوین و اجرا و تحلیل استراتژی‌های فروش شرایط کاری: محدوده : شرق تهران_ ابتدای خیابان اتحاد ساعت کاری: شنبه الی چهارشنبه 08:00 الی 17:18 به همراه نیم ساعت شناوری مزایا: بیمه‌ی تکمیلی رایگان تا سقف 4 نفر ناهار پاداش پایان سال ارزاق معیشتی هدایا و مراسم‌های مناسبتی,توافقی,تمام‌وقت,استاندارد,https://jobinja.ir/companies/nekoo-behine-mashin-nbm/jobs/tASX/%D8%A7%D8%B3%D8%AA%D8%AE%D8%AF%D8%A7%D9%85-%D9%85%D8%AF%DB%8C%D8%B1-%D8%A8%D8%A7%D8%B2%D8%A7%D8%B1%DB%8C%D8%A7%D8%A8%DB%8C-%D9%88-%D9%81%D8%B1%D9%88%D8%B4-%D8%A2%D9%82%D8%A7-%D8%AF%D8%B1-%D9%86%DA%A9%D9%88-%D8%A8%D9%87%DB%8C%D9%86%D9%87-%D9%85%D8%A7%D8%B4%DB%8C%D9%86?_ref=16&_t=3138382e3131382e37342e313135,Jobinja
9/30/2025 12:47,کارشناس یادگیری ماشین (Machine Learning),,تهران، تهران,تحصیلات: لیسانس و بالاتر در رشته‌های مهندسی کامپیوتر، برق و فناوری اطلاعات دانش، مهارت‌ها و توانایی‌ها: * تسلط کافی به زبان‌های برنامه‌نویسی Python و کتابخانه‌های ML/DL مانند Scikit-learn، XGBoost، CatBoost، PyTorch یا TensorFlow * آشنایی با SQL و پایگاه‌های داده (SQL Server) * تجربه در کار با داده‌های حجیم و ابزارهای تحلیل داده (Spark، Hadoop مزیت محسوب می‌شود) * طراحی، آموزش و استقرار مدل‌های یادگیری ماشین ML و یادگیری عمیق DL * تحلیل داده‌های بزرگ و استخراج ویژگی‌های معنادار برای مدل‌ها * همکاری با تیم‌های BI و IT جهت یکپارچه‌سازی مدل‌ها در سامانه‌های عملیاتی * ارزیابی و بهینه‌سازی عملکرد مدل‌ها شرایط کاری: * ساعات کار: شنبه تا چهارشنبه از ساعت 07:30 تا 15:45 (1 ساعت شناوری) * مزایا: ناهار، وام، بسته ها و هدایای مناسبتی، پاداش *محل کار: جردن، خیابان سلطانی,توافقی,تمام‌وقت,استاندارد,https://jobinja.ir/companies/parsian-e-commerce/jobs/tzyi/%D8%A7%D8%B3%D8%AA%D8%AE%D8%AF%D8%A7%D9%85-%DA%A9%D8%A7%D8%B1%D8%B4%D9%86%D8%A7%D8%B3-%DB%8C%D8%A7%D8%AF%DA%AF%DB%8C%D8%B1%DB%8C-%D9%85%D8%A7%D8%B4%DB%8C%D9%86-machine-learning-%D8%AF%D8%B1-%D8%AA%D8%AC%D8%A7%D8%B1%D8%AA-%D8%A7%D9%84%DA%A9%D8%AA%D8%B1%D9%88%D9%86%DB%8C%DA%A9-%D9%BE%D8%A7%D8%B1%D8%B3%DB%8C%D8%A7%D9%86?_ref=16&_t=3138382e3131382e37342e313135,Jobinja
9/30/2025 12:47,کارشناس یادگیری ماشین (Machine Learning-دورکاری-یزد),,یزد، یزد,مهارت های مورد نیاز: Computer Vision Machin Learning Deep Learning NLP آشنایی با زبان انگلیسی در حد conversational نکات: در نظر داشته باشید که داشتن دانش در هر یک از زمینه های فوق الذکر برای شرکت در مصاحبه کافی می باشد. داشتن چندین تخصص امتیاز محسوب می شود. آشنایی با زبان پایتون الزامی است. پ ن: همکاری در این موقعیت شغلی به صورت دورکاری و تمام وقت است.,توافقی,دورکاری,استاندارد,https://jobinja.ir/companies/finitx/jobs/t0B5/%D8%A7%D8%B3%D8%AA%D8%AE%D8%AF%D8%A7%D9%85-%DA%A9%D8%A7%D8%B1%D8%B4%D9%86%D8%A7%D8%B3-%DB%8C%D8%A7%D8%AF%DA%AF%DB%8C%D8%B1%DB%8C-%D9%85%D8%A7%D8%B4%DB%8C%D9%86-machine-learning-%D8%AF%D9%88%D8%B1%DA%A9%D8%A7%D8%B1%DB%8C-%DB%8C%D8%B2%D8%AF-%D8%AF%D8%B1-%D8%AF%D8%B1%D8%A7%DB%8C%D8%AA-%D9%BE%D9%88%DB%8C%D8%A7%D9%86-%D9%86%D8%B3%D9%84-%D8%A2%D9%81%D8%AA%D8%A7%D8%A8-%D8%AF%D9%BE%D9%86%D8%A7?_ref=16&_t=3138382e3131382e37342e313135,Jobinja
9/30/2025 12:47,منتور هوش مصنوعی و یادگیری ماشین(AI / Machine Learning-دورکاری),,تهران، تهران,"۱.درباره گل‌ارن گُل‌اِرن (GoalEarn) پلتفرمی خصوصی در حوزه منتورینگ تسک‌محور است که با طراحی مسیرهای شغلی شخصی‌سازی‌شده، به افراد کمک می‌کند با انجام پروژه‌های واقعی، هدایت منتورهای متخصص و جلسات خصوصی آنلاین، برای ورود حرفه‌ای به بازار کار آماده شوند. ۲.شرح موقعیت شغلی ما به دنبال منتور هوش مصنوعی و یادگیری ماشین هستیم که در کنار شغل اصلی خود، علاقه‌مند باشد بخشی از زمانش را صرف راهنمایی افراد باانگیزه کند. در این همکاری: تمرکز اصلی بر منتورینگ تسک‌محور و پروژه‌ای است. آموزش کلاسیک یا تدریس صفر تا صد وجود ندارد. تعاملات شامل تعریف تسک، بررسی خروجی، بازخورد حرفه‌ای و جلسات خصوصی کوتاه است. ۳.مهارت‌ها و شرایط مورد نیاز ۳-۱ . عمومی (غیرقابل تغییر): حداقل ۸ سال سابقه تخصصی در حوزه مرتبط تجربه دورکاری و همکاری با شرکت‌ها یا پروژه‌های بین‌المللی توانایی ارائه بازخورد ساختاریافته و حرفه‌ای مهارت در زبان انگلیسی (حداقل معادل آیلتس ۶ برای برخی برنامه‌ها) تعهد به استانداردها و دستورالعمل‌های منتورینگ گل‌ارن ۳-۲ . مهارت‌های تخصصی (منتور هوش مصنوعی و یادگیری ماشین) تسلط بر الگوریتم‌ها و مدل‌های پایه و پیشرفته یادگیری ماشین (Machine Learning) و یادگیری عمیق (Deep Learning) تجربه کار با کتابخانه‌های محبوب مثل TensorFlow، Keras، PyTorch، Scikit-learn، XGBoost و LightGBM توانایی طراحی، آموزش، ارزیابی و بهینه‌سازی مدل‌های رگرسیون، طبقه‌بندی، خوشه‌بندی و مدل‌های پیش‌بینی دانش پردازش داده‌های ساختاریافته و بدون ساختار (Structured & Unstructured Data) و آماده‌سازی داده‌ها برای مدل‌سازی تجربه کار با داده‌های بزرگ (Big Data) و آشنایی با ابزارهایی مانند Hadoop، Spark و پایگاه‌های داده توزیع‌شده تسلط بر زبان‌های برنامه‌نویسی Python و R برای تحلیل داده‌ها و توسعه مدل‌ها آشنایی با مفاهیم یادگیری تقویتی (Reinforcement Learning) و شبکه‌های عصبی پیچیده (CNN, RNN, GANs) توانایی به‌کارگیری تکنیک‌های اعتبارسنجی مدل (Cross-validation، Grid Search و غیره) و مدیریت overfitting تجربه کار با ابزارهای توسعه و همکاری از راه دور مانند Jupyter Notebooks، Google Colab، Git و Slack مهارت در ارائه بازخورد فنی دقیق و تسهیل فرایند یادگیری منتی‌ها ۴.مدل پرداخت و زمان‌بندی پرداخت بر اساس هر تسک خصوصی انجام می‌شود. مبلغ هر تسک متناسب با: سطح و ماهیت تسک تعداد جلسات موردنیاز کیفیت تعامل و بازخورد منتور پایبندی به دستورالعمل‌های منتورینگ گل‌ارن توسط مدیر برنامه تعیین و توافق خواهد شد. تعداد منتی‌ها و تسک‌ها بسته به برنامه‌ها توسط مدیر برنامه مشخص می‌شود. حداقل ۲ جلسه آنلاین در هفته الزامی است. ۵.روند شروع همکاری ارسال رزومه و تکمیل فرم ارزیابی اولیه بررسی رزومه و امتیازدهی بر اساس معیارهای گل‌ارن انجام چالش منتور شدن در گل‌ارن شروع همکاری آزمایشی (Trial) ادامه همکاری در صورت تایید عملکرد و پایبندی به دستورالعمل‌ها ۶.الزامات فنی و فضای کار اینترنت پایدار و پرسرعت وبکم با کیفیت مناسب هدست یا میکروفون با صدای شفاف محیط کاری آرام و حرفه‌ای در صورت نداشتن این الزامات، لطفاً رزومه ارسال نکنید. ۷.نکته پایانی اگر تجربه تخصصی در حوزه هوش مصنوعی و یادگیری ماشین داری، سابقه همکاری بین‌المللی و دورکاری داری و علاقه‌مندی بخشی از زمانت را صرف رشد دیگران کنی، گل‌ارن می‌تواند یک فرصت حرفه‌ای، منعطف و اثرگذار برایت باشد. ۸. نحوه ارسال درخواست: رزومه خود را از طریق جابینجا ارسال کنید. تیم ارزیابی گل‌ارن ظرف حداکثر",توافقی,دورکاری,استاندارد,https://jobinja.ir/companies/goalearn/jobs/t0w2/%D8%A7%D8%B3%D8%AA%D8%AE%D8%AF%D8%A7%D9%85-%D9%85%D9%86%D8%AA%D9%88%D8%B1-%D9%87%D9%88%D8%B4-%D9%85%D8%B5%D9%86%D9%88%D8%B9%DB%8C-%D9%88-%DB%8C%D8%A7%D8%AF%DA%AF%DB%8C%D8%B1%DB%8C-%D9%85%D8%A7%D8%B4%DB%8C%D9%86-ai-machine-learning-%D8%AF%D9%88%D8%B1%DA%A9%D8%A7%D8%B1%DB%8C-%D8%AF%D8%B1-%DA%AF-%D9%84-%D8%A7-%D8%B1%D9%86?_ref=16&_t=3138382e3131382e37342e313135,Jobinja
9/30/2025 12:47,Machine Learning Engineer,,تهران، تهران,"We are looking for a Machine Learning Engineer To design, develop, and deploy scalable machine learning solutions that drive business impact. The Senior Machine Learning Engineer will lead end-to-end ML projects from data processing to production deployment, ensuring models deliver measurable value. This role requires strong technical expertise, experience in taking ML products from research to production, and the ability to mentor junior team members. Responsibilities: End-to-End ML Development - Design, train, and evaluate machine learning and deep learning models. - Translate business problems into data-driven solutions. MLOps & Deployment - Build scalable pipelines for data preprocessing, feature engineering, and model deployment. - Monitor and maintain production ML systems, ensuring reliability and performance. Product Ownership - Take ownership of ML products, from ideation to production rollout. - Collaborate with product managers, engineers, and business stakeholders to deliver impactful solutions. Data Management - Work with structured and unstructured data, ensuring data quality and integrity. - Collaborate with data engineering teams to optimize ETL processes. Requirements: Advanced proficiency in Python, SQL, and ML libraries (TensorFlow, PyTorch) Advanced capability in designing and deploying ML pipelines with MLOps tools (Airflow, MLflow, Docker, FastAPI). Strong knowledge of data preprocessing, feature engineering, and model evaluation. Experience with large-scale data (Spark, Hadoop, distributed training). Knowledge of software engineering best practices: CI/CD, testing, version control (Git).",توافقی,تمام‌وقت,استاندارد,https://jobinja.ir/companies/irancell-labs-1/jobs/tJAp/%D8%A7%D8%B3%D8%AA%D8%AE%D8%AF%D8%A7%D9%85-machine-learning-engineer-%D8%AF%D8%B1-%D8%A7%DB%8C%D8%B1%D8%A7%D9%86%D8%B3%D9%84-%D9%84%D8%A8%D8%B2?_ref=16&_t=3138382e3131382e37342e313135,Jobinja
9/30/2025 12:47,متخصص علم داده و یادگیری ماشین,,تهران، تهران,شرکت داده کاوان هوشمند نارگان (دیتال)، یک شرکت پیشرو در حوزه توسعه نرم‌افزارهای صنعتی، به‌منظور مدیریت و اجرای پروژه توسعه ماژول‌های هوش مصنوعی از یک متخصص علم داده و یادگیری ماشین باانگیزه و مجرب دعوت به همکاری می‌نماید. مهندس هوش مصنوعی در این نقش مسئول نظارت بر توسعه، اعتبارسنجی و یکپارچه‌سازی ماژول‌های هوش مصنوعی در یک سامانه صنعتی خواهد بود. مسئولیت‌های کلیدی نظارت بر توسعه و اعتبارسنجی مدل‌های یادگیری ماشین برای پیش‌بینی و بهینه‌سازی در حوزه نفت و گاز. طراحی و پیاده‌سازی پایپ‌لاین‌های خودکار پیش‌پردازش داده‌ها برای مدیریت داده‌های ناقص، پرت و متنی. همکاری در طراحی مدل داده و یکپارچه‌سازی با پایگاه‌های داده عملیاتی سامانه موجود. پشتیبانی از توسعه واسط کاربری اولیه برای نمایش نتایج پیش‌بینی‌ها و اجرای سناریوهای آزمایشی. تهیه مستندات فنی جامع (راهنمای کاربری، راهنمای توسعه‌دهنده و گزارش‌های ارزیابی). مهارت‌ها و شرایط احراز مدرک کارشناسی یا بالاتر در رشته‌های مهندسی کامپیوتر، هوش مصنوعی، علوم داده و یا سایر رشته‌های مرتبط. تجربه در توسعه و پیاده‌سازی مدل‌های یادگیری ماشین با ابزارهایی مانند Python، TensorFlow، PyTorch یا Scikit-learn. تجربه در طراحی پایپ‌لاین‌های خودکار پیش‌پردازش داده‌ها و مدیریت داده‌ها. آشنایی با معماری پایگاه داده و یکپارچه‌سازی سیستم‌های صنعتی. مهارت‌های ارتباطی قوی و توانایی کار تیمی در محیط‌ چندرشته‌ای. توجه : لطفاً در رزومه خود نمونه‌هایی از پروژه‌های هوش مصنوعی (در مقیاس دانشگاهی و یا صنعتی) که در آن‌ها مشارکت داشته‌اید و نقش شما در آن‌ها را ذکر کنید. مزایای همکاری با دیتال: امکان استفاده از امریه سربازی بیمه تامین اجتماعی از روز اول همکاری بیمه تکمیل درمانی برگزاری مراسم‌های مناسبتی/ هدایای مناسبتی وعده غذایی (صبحانه و میان وعده) نزدیکی به وسایل حمل و نقل عمومی (مترو ...) محیطی پویا و جوان، همراه با فرصت یادگیری و افزایش مهارت‌های شغلی آموزش‌های مستمر درون سازمانی ‌,توافقی,تمام‌وقت,استاندارد,https://jobinja.ir/companies/vira-365/jobs/t0uS/%D8%A7%D8%B3%D8%AA%D8%AE%D8%AF%D8%A7%D9%85-%D9%85%D8%AA%D8%AE%D8%B5%D8%B5-%D8%B9%D9%84%D9%85-%D8%AF%D8%A7%D8%AF%D9%87-%D9%88-%DB%8C%D8%A7%D8%AF%DA%AF%DB%8C%D8%B1%DB%8C-%D9%85%D8%A7%D8%B4%DB%8C%D9%86-%D8%AF%D8%B1-%D8%AF%D8%A7%D8%AF%D9%87-%DA%A9%D8%A7%D9%88%D8%A7%D9%86-%D9%87%D9%88%D8%B4%D9%85%D9%86%D8%AF-%D9%86%D8%A7%D8%B1%DA%AF%D8%A7%D9%86?_ref=16&_t=3138382e3131382e37342e313135,Jobinja
9/30/2025 12:48,(Senior Python Developer (Machine Learning,,تهران، تهران,"Please send your CV only in English Position: Machine Learning Engineer Location: Remote Salary: $2,500 - $3,000 per month Benefits: Reimbursements up to $500 per month Role: Develop and implement machine learning models. Collaborate with cross-functional teams. Continuously improve models and systems. Requirements: More than 3 years of experience in machine learning. Strong knowledge in Python and TensorFlow/PyTorch. Experience with data preprocessing and visualization. Familiarity with cloud services like AWS or Azure. B2+ English fluency (Upper-Intermediate). Ready to apply? Make sure your English skills are up to the mark!",توافقی,تمام‌وقت,استاندارد,https://jobinja.ir/companies/primecore-solutions/jobs/tLzD/%D8%A7%D8%B3%D8%AA%D8%AE%D8%AF%D8%A7%D9%85-senior-python-developer-machine-learning-%D8%AF%D8%B1-%D9%BE%D8%B1%D8%A7%DB%8C%D9%85-%DA%A9%D9%88%D8%B1-%D8%B3%D9%88%D9%84%D9%88%D8%B4%D9%86?_ref=16&_t=3138382e3131382e37342e313135,Jobinja
9/30/2025 12:48,توسعه‌دهنده هوش مصنوعی (بینایی ماشین-یادگیری عمیق),,تهران، تهران,"ما به‌دنبال توسعه‌دهنده‌ای توانمند در حوزه‌ی یادگیری عمیق و بینایی ماشین هستیم که علاقه‌مند به مشارکت در پروژه‌های فنی جدی و صنعتی باشد. اگر در کنار مهارت‌های مهندسی، ذهنی تحلیلی و پایه‌ی قوی ریاضی دارید، جای شما در تیم ما خالی است. مسئولیت‌ها: طراحی و پیاده‌سازی مدل‌های یادگیری عمیق برای داده‌های تصویری مطالعه مقالات به روز، پیاده سازی و آموزش مدل ها همکاری فنی با تیم‌های نرم‌افزار و سخت‌افزار مهارت‌های ضروری: تسلط به Python و چارچوب‌ یادگیری عمیق (PyTorch) آشنایی با مفاهیم پایه‌ی بینایی ماشین و پردازش تصویر داشتن تجربه و مهارت در کاربردهای مختلف بینایی ماشین (مانند : Object Detection, Image Enhancement) درک مناسب از مفاهیم ریاضیاتی مانند جبر خطی، آمار و بهینه‌سازی توانایی مطالعه مقاله، پیاده سازی و ایده پردازی برای حل مسائل جدید تحصیلات تکمیلی در رشته‌های مرتبط با هوش مصنوعی یا علوم داده مزیت محسوب می‌شود اگر: سابقه‌ی کار روی پلتفرم‌های Embedded یا GPU Programming تجربه‌ی deployment مدل‌ها با ONNX، TensorRT یا ابزارهای مشابه آشنا به الگوریتم های Image Unfolding  و Super-Resolution آشنا به الگوریتم های Image Verification آشنا به داده های سنجش از دور و تصاویر ماهواره ای مزایا: فرصت یادگیری تخصص‌های پروژه‌محور و موضوعات جدید پروژه‌های فنی چالش‌برانگیز با کاربردهای واقعی همکاری با تیمی حرفه‌ای، محیط پویا",توافقی,تمام‌وقت,استاندارد,https://jobinja.ir/companies/ptg/jobs/tt2O/%D8%A7%D8%B3%D8%AA%D8%AE%D8%AF%D8%A7%D9%85-%D8%AA%D9%88%D8%B3%D8%B9%D9%87-%D8%AF%D9%87%D9%86%D8%AF%D9%87-%D9%87%D9%88%D8%B4-%D9%85%D8%B5%D9%86%D9%88%D8%B9%DB%8C-%D8%A8%DB%8C%D9%86%D8%A7%DB%8C%DB%8C-%D9%85%D8%A7%D8%B4%DB%8C%D9%86-%DB%8C%D8%A7%D8%AF%DA%AF%DB%8C%D8%B1%DB%8C-%D8%B9%D9%85%DB%8C%D9%82-%D8%AF%D8%B1-%D9%BE%D9%88%DB%8C%D8%B4-%D8%AA%D8%B5%D9%88%DB%8C%D8%B1-%DA%AF%DB%8C%D8%AA%DB%8C?_ref=16&_t=3138382e3131382e37342e313135,Jobinja
9/30/2025 12:48,Data And Machine Learning Engineer (دورکاری),,تهران، تهران,"About Us: At Koocafe, we're dedicated to curating the ultimate café experience for everyone. Our mission is to connect coffee enthusiasts with the best cafes while also empowering these cafes with the technical infrastructure to effortlessly provide top-quality online services to their customers. Koocafe currently serves users and cafes in multiple countries worldwide and is actively expanding its business in Iran. If you're passionate about joining us on this journey and becoming part of our team, we eagerly await your CV. Job Description: We are seeking a skilled Data and Machine Learning Engineer to join our growing technical team. In this role, you will be responsible for designing, building, deploying, and maintaining robust and scalable data pipelines and machine learning systems. You will bridge the gap between data science and software engineering, ensuring our data scientists can effectively develop models and that these models are efficiently integrated into our production environment to enhance Koocafe's platform and user experience. Responsibilities: Design, build, and maintain scalable and reliable ETL/ELT data pipelines to collect, process, and store data from various sources. Develop and manage the infrastructure required for optimal extraction, transformation, and loading of data from a wide variety of data sources using SQL and cloud technologies. Build and operationalize machine learning models developed by data scientists, ensuring they are performant, scalable, and easily deployable. Develop MLOps practices including model versioning, automated training/retraining pipelines, model monitoring, and CI/CD for ML workflows. Collaborate closely with data scientists to understand model requirements and provide engineering support throughout the model lifecycle. Work with software engineers to integrate ML models and data insights into user-facing applications and internal tools via APIs or other mechanisms. Monitor, troubleshoot, and optimize data pipelines and ML systems in production to ensure high availability and performance. Implement data quality checks and ensure data governance standards are met. Stay updated on emerging technologies and best practices in data engineering, machine learning engineering, and MLOps. Requirements High level of English, both written and verbal. Bachelor's or Master's degree in Computer Science, Engineering, or a related technical field. Proven experience as a Data Engineer, Machine Learning Engineer, or Software Engineer with a strong focus on data infrastructure and ML systems (at least 3-4 years of relevant experience). Strong proficiency in programming languages, particularly Python, and experience with relevant libraries (e.g., Pandas, Dask, Scikit-learn). Solid experience with SQL and working with relational databases, data warehouses (e.g., BigQuery, Redshift, Snowflake), and data lakes. Hands-on experience building and optimizing data pipelines using tools like Airflow, Prefect, Spark, or ",توافقی,دورکاری,استاندارد,https://jobinja.ir/companies/koocafe/jobs/A8gX/%D8%A7%D8%B3%D8%AA%D8%AE%D8%AF%D8%A7%D9%85-data-and-machine-learning-engineer-%D8%AF%D9%88%D8%B1%DA%A9%D8%A7%D8%B1%DB%8C-%D8%AF%D8%B1-%DA%A9%D9%88%DA%A9%D8%A7%D9%81%D9%87?_ref=16&_t=3138382e3131382e37342e313135,Jobinja
9/30/2025 12:48,دانشمند داده‌های مکانی (بهینه سازی و یادگیری ماشین-دورکاری),,تهران، تهران,"Responsibilities Geospatial Data Processing Convert unstructured text into structured geospatial information. Work with spatial databases, geocoding APIs, and map services for high-accuracy location processing. Algorithm Development Design and implement matching algorithms that account spatio-temporal constraints. Apply clustering methods (e.g., DBSCAN, HDBSCAN). Develop optimization-based approaches to improve efficiency. Machine Learning & Prediction Build predictive models to enhance matching quality. Explore embeddings and recommender techniques. Evaluation & Iteration Define metrics to evaluate match/group quality. Prototype, benchmark, and iterate models in collaboration with design and product teams. Document methods and contribute to internal knowledge base. Required Qualifications Education: Master’s or Ph.D. in Computer Science, Industrial Engineering, Optimization, Transportation, or a related field . Technical Expertise: Strong background in geospatial data science (PostGIS, GeoPandas, Shapely, Turf.js). Proficiency in machine learning (scikit-learn, PyTorch, TensorFlow). Familiarity with spatial indexing (H3, S2) and nearest-neighbor search. Experience with optimization techniques (linear/integer programming, OR-Tools, Gurobi, CP-SAT). Programming proficiency in Python (Pandas, NumPy, scikit-learn, OR-Tools, NetworkX). Experience with mapping APIs (Google Maps, Mapbox, OpenStreetMap). Research Experience: Published papers in relevant domains (AI/ML, optimization, transportation, geospatial analytics) are a strong plus. Ideal Candidate Strong foundation in both theory and practice of optimization and machine learning. Demonstrated ability to design and evaluate algorithms for real-world, data-driven applications. Excited to work on problems that combine geospatial intelligence, temporal coordination, and user preferences. Able to clearly communicate complex ideas to multidisciplinary teams (engineers, designers, product managers).",توافقی,دورکاری,استاندارد,https://jobinja.ir/companies/kaj-11/jobs/t0aR/%D8%A7%D8%B3%D8%AA%D8%AE%D8%AF%D8%A7%D9%85-%D8%AF%D8%A7%D9%86%D8%B4%D9%85%D9%86%D8%AF-%D8%AF%D8%A7%D8%AF%D9%87-%D9%87%D8%A7%DB%8C-%D9%85%DA%A9%D8%A7%D9%86%DB%8C-%D8%A8%D9%87%DB%8C%D9%86%D9%87-%D8%B3%D8%A7%D8%B2%DB%8C-%D9%88-%DB%8C%D8%A7%D8%AF%DA%AF%DB%8C%D8%B1%DB%8C-%D9%85%D8%A7%D8%B4%DB%8C%D9%86-%D8%AF%D9%88%D8%B1%DA%A9%D8%A7%D8%B1%DB%8C-%D8%AF%D8%B1-%DA%A9%D8%A7%D8%AC?_ref=16&_t=3138382e3131382e37342e313135,Jobinja
9/30/2025 12:48,مهندس یادگیری ماشین (ML Engineer-دورکاری),,تهران، تهران,"بازه حقوق ۸۰ میلیون تا ۱۲۰ میلیون About You The ideal candidate has evolved from senior software development into NLP/ML, bringing the architectural thinking and code craftsmanship needed to tackle complex memory persistence, multi-tier retrieval, and real-time personalization challenges that separate production systems from proof-of-concepts. You champion frequent deployments. You believe in shipping code regularly and improving through real-world feedback rather than seeking perfection. You solve problems creatively. You tackle challenges with a can-do attitude, recognizing when to build new features versus strengthening foundations. Key Responsibilities Design and implement the core memory subsystem architecture, including storage tiers, retrieval pipelines, and privacy-aware filtering mechanisms Build evaluation frameworks to measure memory retrieval quality, relevance scoring, and augmentation effectiveness with clear metrics and benchmarks Implement sophisticated memory extraction and classification systems that identify, rank, and surface relevant user context from chat histories Research and adapt cutting-edge memory architectures from academic papers and open-source implementations (e.g., MemGPT, Reflexion, cognitive architectures) Architect the memory update pipeline that learns from user interactions, including relevance feedback, correction mechanisms, and adaptive privacy classification Design hybrid search strategies that combine semantic embeddings with structured metadata, graph relationships, and temporal patterns for optimal memory retrieval Collaborate with PM to define technical constraints and feasibility for memory system features Takes ownership of production reliability for AI features—comfortable being on-call for prompt failures, extraction issues, or integration breakdowns Understanding of AI system failure modes and fallback strategies—knows when to gracefully degrade vs. retry vs. escalate to human review Requirements (Must-haves) 5+ years total experience, with at least 3 years in software engineering and 2 years building ML/NLP systems Hands-on experience building LLM-powered systems with a focus on context management, memory persistence, or personalization features Production experience with vector databases (Pinecone, Weaviate, Chroma) and hybrid search systems combining semantic and keyword search Proven experience shipping LLM-powered features to production, with an understanding of prompt engineering, context window management, and API reliability patterns Hands-on experience with LLM orchestration frameworks (LangChain, LangGraph, Mem0, MemGPT, Letta) for building complex AI workflows Demonstrated ability to implement hybrid search systems combining dense vectors, sparse indices, and metadata filtering Strong debugging skills for RAG pipelines, prompt reliability, extraction accuracy, and function calling/MCP integrations Experience with agentic architectures, including tool calling, MCP (Model Context Protoco",توافقی,دورکاری,استاندارد,https://jobinja.ir/companies/memory-bridge/jobs/tLmK/%D8%A7%D8%B3%D8%AA%D8%AE%D8%AF%D8%A7%D9%85-%D9%85%D9%87%D9%86%D8%AF%D8%B3-%DB%8C%D8%A7%D8%AF%DA%AF%DB%8C%D8%B1%DB%8C-%D9%85%D8%A7%D8%B4%DB%8C%D9%86-ml-engineer-%D8%AF%D9%88%D8%B1%DA%A9%D8%A7%D8%B1%DB%8C-%D8%AF%D8%B1-%D9%85%D9%85%D9%88%D8%B1%DB%8C-%D8%A8%D8%B1%DB%8C%D8%AC?_ref=16&_t=3138382e3131382e37342e313135,Jobinja
9/30/2025 12:48,متخصص هوش مصنوعی(یادگیری ماشین-مشهد-دورکاری),,خراسان رضوی، مشهد,مهارت‌های ضروری تجربه عملی :  سابقه کار با داده‌های بزرگ (Big Data) و توسعه مدل‌های طبقه‌بندی و رگرسیون مانند Random Forest، XGBoost، LightGBM، Logistic Regression و ... مهارت‌های فنی :  تسلط کامل بر پایتون و کتابخانه‌های  pandas، scikit-learn، TensorFlow، PyTorch ... و روش‌های انتخاب ویژگی همچون SHAP، Permutation Importance، Recursive Feature Elimination، Boruta و ... تحلیل داده‌ها :  توانایی بررسی کیفیت داده‌ها، شناسایی داده‌های پرت و آماده‌سازی داده برای مدل‌سازی. ارزیابی و بهینه‌سازی : تسلط بر روش‌های بهینه‌سازی همچون GridSearchCV، RandomizedSearchCV  یا روش‌های Bayesian Optimization برای تنظیم پارامترها. دانش مالی :  آشنایی با تحلیل تکنیکال و فاندامنتال (الگوهای کندل‌استیک، پرایس اکشن، اندیکاتورها) و تجربه در مدل‌سازی پیش‌بینی بازارهای مالی. مستندسازی :  توانایی ارائه گزارش‌های تحلیلی و مستندسازی فرآیندها برای پشتیبانی از تصمیم‌گیری‌های تجاری. مهارت‌های امتیازی تجربه کار با پلتفرم‌های کلاد مانند Google Cloud Vertex AI یا  AWS SageMaker آشنایی با استراتژی‌های معاملاتی خودکار یا الگوریتمی. شرایط متقاضی حداقل ۲ سال تجربه کاری مرتبط. مدرک تحصیلی در رشته‌های هوش مصنوعی، علوم داده، ریاضی یا رشته‌های مرتبط از دانشگاه‌های برتر (دانشگاه صنعتی شریف، تهران، صنعتی امیرکبیر و ...) یا سایر دانشگاه‌های برجسته (با مدرک کارشناسی ارشد یا بالاتر). اشتیاق به حل مسائل پیچیده و نوآورانه در حوزه بازارهای مالی.,توافقی,دورکاری,استاندارد,https://jobinja.ir/companies/alpha-niroo/jobs/tzGK/%D8%A7%D8%B3%D8%AA%D8%AE%D8%AF%D8%A7%D9%85-%D9%85%D8%AA%D8%AE%D8%B5%D8%B5-%D9%87%D9%88%D8%B4-%D9%85%D8%B5%D9%86%D9%88%D8%B9%DB%8C-%DB%8C%D8%A7%D8%AF%DA%AF%DB%8C%D8%B1%DB%8C-%D9%85%D8%A7%D8%B4%DB%8C%D9%86-%D9%85%D8%B4%D9%87%D8%AF-%D8%AF%D9%88%D8%B1%DA%A9%D8%A7%D8%B1%DB%8C-%D8%AF%D8%B1-%D8%A2%D9%84%D9%81%D8%A7-%D9%86%DB%8C%D8%B1%D9%88?_ref=16&_t=3138382e3131382e37342e313135,Jobinja
,,,,,,,,,
2025-10-04 15:39:44,٨٧٩آگهی استخدام هوش مصنوعی,دیویدجونز,تهران,"ما دردیوید جونزبه دنبال یک همکار با انگیزه، مشتاق به یادگیری، رشد و متعهد هستیم که در زمینه تدوین ویدئو (هوش مصنوعی) و تولید محتوای وب‌سایت و شبکه‌های اجتماعی بر اساس شناخت مخاطب و الگوریتم‌های سوشال مدیا و سئو به ما کمک کند. اگر از روحیه تیمی برخوردارید و از مهارت‌های ارتباطی خوبی بهره می‌برید، همکاری در تیمی پویا و پر انرژی برای شما لذت‌بخش است و از چالش و حل آن لذت می‌برید، جای شما در کنار ما خالیست.شرح وظایف:تدوین و مونتاژ ویدئو براساس سناریو یا استوری برداستفاده از ابزارها و نرم‌افزارهای هوش مصنوعیهمکاری با تیم تولید محتوابه‌روز رسانی مدام دانش در حوزه تدوین و فناوری‌های هوش مصنوعیایده‌پردازی و تولید محتوانگارش متون و دیالوگ‌های ارتباط با مخاطب (تحقیق درباره‌ی مخاطب هدف)به‌روز رسانی و تحلیل روندهای اینستاگراممهارت‌ها:تسلط به نرم‌افزارهای تدوینتسلط به نرم‌افزارها و پلتفرم‌های هوش مصنوعیخلاقیت و دقت و توانایی روایت بصریخلاقیت در داستان‌سراییآشنایی با الگوریتم‌ها و روندهای اینستاگرامکارگردانی تولید محتوای ویدئوییتحلیل مخاطب و بازار هدفآشنایی با موارد زیر امتیاز محسوب می‌شود:آشنایی به اصول مارکتینگمحل کار: اشرفی اصفهانی

سنتا 30 سالجنسیتتفاوتی نداردتحصیلاتکارشناسی|هنرکارشناسی|مدیریت / بازرگانی / کسب و کارکارشناسی|کامپیوتر / فناوری اطلاعاتزبانانگلیسی|متوسط ۵۰٪نرم افزارهاGoogle Tag Manager|متوسطGoogle Analytics|متوسطGoogle Search Console|متوسطMicrosoft Word|مقدماتیMicrosoft Excel|مقدماتی

• فرصت‌های شغلی
• محصولاتماشین حساب حقوق و دستمزدمجله شغلیخودت رو بشناسداده های بازار کاربلاگتست شخصیت شناسی MBTIتست تیپ سنجی شغلی Hollandتست شخصیت شناسی NEOتست هوش های چندگانهتست هوش هیجانی Bar-On
• فرصت‌های شغلی پیشنهادی
• رزومه من
• رده‌بندی شرکت‌ها

• تدوین و مونتاژ ویدئو براساس سناریو یا استوری برد
• استفاده از ابزارها و نرم‌افزارهای هوش مصنوعی
• همکاری با تیم تولید محتوا
• به‌روز رسانی مدام دانش در حوزه تدوین و فناوری‌های هوش مصنوعی
• ایده‌پردازی و تولید محتوا
• نگارش متون و دیالوگ‌های ارتباط با مخاطب (تحقیق درباره‌ی مخاطب هدف)
• به‌روز رسانی و تحلیل روندهای اینستاگرام

• تسلط به نرم‌افزارهای تدوین
• تسلط به نرم‌افزارها و پلتفرم‌های هوش مصنوعی
• خلاقیت و دقت و توانایی روایت بصری
• خلاقیت در داستان‌سرایی
• آشنایی با الگوریتم‌ها و روندهای اینستاگرام
• کارگردانی تولید محتوای ویدئویی
• تحلیل مخاطب و بازار هدف",30 میلیون,رسمی,تمام‌وقت,https://jobvision.ir/jobs/keyword/%D9%87%D9%88%D8%B4%20%D9%85%D8%B5%D9%86%D9%88%D8%B9%DB%8C,JobVision
2025-10-04 15:44:16,١٣٤آگهی استخدام machine learning,ایده پردازان هوش مصنوعی عصرجدید,تهران,"ما یک مجموعه دانش محور هستیم و با داده‌های متنوعی سر و کار داریم که بخش زیادی از آنها در قالب متن بوده و برای پردازش آنها نیازمند روش‌ها و ابزارهای هوشمند و دقیق می‌باشیم. به همین دلیل به دنبال افرادی مستعد برای طراحی، پیاده‌سازی و تست سرویس‌های مختلف در زمینه‌ی پردازش زبان طبیعی هستیم.مهارت‌های فنی مورد نیازتسلط به مفاهیم و نحوه‌ی ایجاد سیستم‌های پرسش و پاسخ و چت‌بات‌هاتجربه کار با LLMها و تسلط به Fine-Tune آنهاتجربه پیاده‌سازی RAG بر روی مدل‌های LLMشناخت کاربردهای پردازش زبان طبیعی و توانایی پیاده‌سازی آنها بر اساس داده‌های متنوعآشنایی کامل با الگوریتم‌های یادگیری ماشین و یادگیری عمیقتجربه کار با کتابخانه‌های Scikit-learn، Tensorflow، Pytorch، Keras و Transformersآشنایی با پایگاه‌های داده مبتنی بر جستجوی متنی مانند Elasticsearchمسلط به زبان برنامه‌نویسی Pythonتجربه کار با سرویس‌های مبتنی بر معماری Restful مانند Flask یا Fastapiتجربه اجرای پروژه با استفاده از فناوری Dockerتجربه کار با تکنولوژی‌های مدیریت پروژه مانند Gitتوانایی در مستندسازی دقیق و کاربردی

جنسیتتفاوتی نداردنرم افزارهاPython|متوسطElastic Search|متوسطSelenium|متوسطGIT|متوسط

• فرصت‌های شغلی
• محصولاتماشین حساب حقوق و دستمزدمجله شغلیخودت رو بشناسداده های بازار کاربلاگتست شخصیت شناسی MBTIتست تیپ سنجی شغلی Hollandتست شخصیت شناسی NEOتست هوش های چندگانهتست هوش هیجانی Bar-On
• فرصت‌های شغلی پیشنهادی
• رزومه من
• رده‌بندی شرکت‌ها

• رزومه ساز دو زبانه
• جستجوی فرصت‌های شغلی
• استخدام‌های دولتی و سراسری
• تست‌های خود شناسیتست MBTIتست تیپ سنجی شغلی Hollandتست NEOتست هوش های چندگانهتست هوش هیجانی Bar-On
• تست MBTI
• تست تیپ سنجی شغلی Holland
• تست NEO
• تست هوش های چندگانه
• تست هوش هیجانی Bar-On
• سوالات متداول
• رده بندی شرکت ها
• آشنایی با شرکت ها
• داده‌های بازار کار

• تست MBTI
• تست تیپ سنجی شغلی Holland
• تست NEO
• تست هوش های چندگانه
• تست هوش هیجانی Bar-On",60 میلیون,رسمی,تمام‌وقت,https://jobvision.ir/jobs/keyword/machine%20learning,JobVision
