cluster,skill,frequency
0,python,38
0,pytorch,29
0,tensorflow,25
0,nlp,18
0,scikit-learn,15
0,tensorflow pytorch,15
0,vision,10
0,pandas,9
0,sql,9
0,computer,9
0,docker,9
0,llm,9
0,numpy,8
0,computer vision,8
0,pytorch tensorflow,8
1,engineering,4
1,deployment,3
1,solutions,3
1,business,3
1,ownership,2
1,product,2
1,feature,2
1,end-to-end,2
1,mlops,2
1,pipelines,2
1,scalable,2
1,engineer,2
1,deploying,1
1,deploy,1
1,pytorch,1
2,pipelines,5
2,engineering,5
2,engineer,4
2,infrastructure,3
2,technical,3
2,scalable,3
2,software,3
2,mlops,2
2,ensure,2
2,practices,2
2,e.g,2
2,relevant,2
2,requirements,2
2,best,2
2,sql,2
3,information,3
3,llms,3
3,nlp,3
3,research,3
3,retrieval,3
3,solutions,3
3,apis,3
3,databases,3
3,agent,3
3,vector,3
3,vector databases,3
3,docker,2
3,code,2
3,practices,2
3,environment,2
4,retrieval,8
4,search,7
4,prompt,5
4,about,5
4,implement,5
4,agentic,4
4,pipelines,4
4,rag,4
4,e.g,3
4,evaluation,3
4,engineering,3
4,embeddings,3
4,llm,3
4,including,3
4,vector,3
